mancc,pn,ncu,Format
VHK0010651,0101HUH00-600-G,CCTC,
VHK0010651,0101HUJ00-600-G,CCTC,
VHK0000022 ,0101HUH00-600-G,Avary,
VHK0000022 ,0101HUJ00-600-G,Avary,
VVG0010018,0101HUH00-600-G,Tripod,
VVG0010018,0101HUJ00-600-G,Tripod,
VTW0011372,010305V00-600-G,Compeq,
VTW0011372,010305W00-600-G,Compeq,
VKR0010113,010305V00-600-G,YPE,
VKR0010113,010305W00-600-G,YPE,
VTW0010789,E02-SPW0690-AP,Knowles,
VSG0010515,082-0000-077,Gore,
VTW0000019,QV51105-CN31M-7H,FIT (ABS),
VTW0000019,WNS104Y-AC004-7H,FIT (ABS),
VTW0011397,QV51105-CN31M-7H,DDK (Fujikura),
VJP0010019,075-0001-1307,I-PEX,
VCN0032549,WNS104Y-AC004-7H,Amphenol,
VCN0031162,075-0001-1294,Linkconn (LCN),
VDE0010010,E01-D2508B0P0-AP,Dialog,
VIE0010002,E01-MAX40100ANT-AP,Maxim,
VIE0010002,E01-MAX9027EWT-AP,Maxim,
VIE0010002,E01-MAX98740-AP,Maxim,
VIE0010009,E01-ATCPZ003UUDA-AP,Atmel,
VHK0010482,155S00321,Sony,
VIE0010018,E01-TMIS65B0B1-AP,TSMC,
VIE0010018,E01-TMIS65B0B2-AP,TSMC,
VTW0011360,E01-BU52072GWZ-AP,Rohm,
VTW0011111,E01-AS3441ZWLT-AP,AMS,
VTW0011111,E01-BQ25120AYFP-AP,TI,1-5-4-2
VTW0011111,E01-INA210CIDCK-AP,TI,1-5-4-2
VTW0011111,E01-LP5907UV-AP,TI,1-5-4-2
VTW0011111,E01-OPA330AIYFF-AP,TI,1-5-4-2
VTW0011111,E01-TPS63050YFF-AP,TI,1-5-4-2
VTW0011111,E01-TPS70933DRV-AP,TI,1-5-4-2
VTW0011111,E08-2SA2154CT-AP,Toshiba,
VTW0011111,E08-CSD68832L-AP,TI,1-5-4-2
VTW0011224,E01-CAS24S128C4A-AP,On-semi,
VTW0011224,E01-FPF2495CUCX-AP,On-semi,
VTW0011224,E01-NCP161AFCT300-OS,On-semi,
VTW0011224,E01-NCP161BFCT280-AP,On-semi,
VTW0011224,E01-STM32L476MGY6-AP,ST,
VTW0011224,E08-EFC4626R-AP,On-semi,
VTW0011224,E08-NTNS3190NZ-AP,On-semi,
VTW0011224,E12-1BV2K-02S,ST,
VTW0011224,E12-ESD5101-AP,On-semi,
VTW0011224,E12-ESD5111P-AP,On-semi,
VTW0011224,E12-ESDA51BF4-AP,ST,
VTW0011224,E12-SESD5111P-AP,On-semi,
VTW0011352,E01-AP25B2AAE-AP,ST,
VTW0011352,E01-VL62L0CBV2PA-AP,ST,
VTW0011352,E01-SIHLMHAX03-AP,AMS (Heptagon),
VTW0011025,E01-CBTL1610A3BUK-AP,NXP,
VTW0011025,E15-32V768K-AP,Epson,
VTW0011403,E01-82B0BAV-AP,Seiko,
VTW0011403,E01-82C0AAJ-AP,Seiko,
VTW0011439,E01-GD25LB128-AP,Giga,
VHK0010210,E01-AT25SL128A-AP,Dialog (Adesto),
VTW0010893,E01-BMA282-AP,Bosch,
VTW0011360,E12-RB522ES-AP,Rohm,
VTW0011360,E13-GDZT2R56-AP,Rohm,
VTW0011360,E13-GDZT2R5V1-AP,Rohm,
VHK0010299,E08-DMN2990UFZ-AP,DIODES INC.,1-5-4-2
VHK0010299,E08-DMN3730UFB4-AP,DIODES INC.,1-5-4-2
VHK0010299,E08-DMN62D0LFB-AP,DIODES INC.,1-5-4-2
VHK0010299,E08-DMN62D1LFB-AP,DIODES INC.,1-5-4-2
VHK0010299,E08-DMP210DUFB4-AP,DIODES INC.,1-5-4-2
VHK0010299,E08-DMP2541UCB9-AP,DIODES INC.,1-5-4-2
VHK0010299,E08-MMBT3904LP-AP,DIODES INC.,1-5-4-2
VTW0011457,E15-32V768K-AP,TXC,1-5-4-2
VTW0011457,E15-TXC8J40-AP,TXC,1-5-4-2
VHK0010296,E84-EASV2010RWA0-AP,Everlight,1-5-4-2
VHK0010508,/,YAGEO CORPORATION,2-5-4-3
VHK0010508,103S00092,YAGEO CORPORATION,2-5-4-3
VHK0010508,117S00044,YAGEO CORPORATION,2-5-4-3
VHK0010508,117S0009,YAGEO CORPORATION,2-5-4-3
VHK0010508,117S0102,YAGEO CORPORATION,2-5-4-3
VHK0010508,117S0161,YAGEO CORPORATION,2-5-4-3
VHK0010508,117S0201,YAGEO CORPORATION,2-5-4-3
VHK0010508,118S00007,YAGEO CORPORATION,2-5-4-3
VHK0010508,118S00018,YAGEO CORPORATION,2-5-4-3
VHK0010508,118S00022,YAGEO CORPORATION,2-5-4-3
VHK0010508,118S00025,YAGEO CORPORATION,2-5-4-3
VHK0010508,118S00029,YAGEO CORPORATION,2-5-4-3
VHK0010508,118S00030,YAGEO CORPORATION,2-5-4-3
VHK0010508,118S00032,YAGEO CORPORATION,2-5-4-3
VHK0010508,118S00053,YAGEO CORPORATION,2-5-4-3
VHK0010508,118S00063,YAGEO CORPORATION,2-5-4-3
VHK0010508,118S00066,YAGEO CORPORATION,2-5-4-3
VHK0010508,118S00075,YAGEO CORPORATION,2-5-4-3
VHK0010508,118S00095,YAGEO CORPORATION,2-5-4-3
VHK0010508,118S0011,YAGEO CORPORATION,2-5-4-3
VHK0010508,118S0012,YAGEO CORPORATION,2-5-4-3
VHK0010508,118S0014,YAGEO CORPORATION,2-5-4-3
VHK0010508,118S00142,YAGEO CORPORATION,2-5-4-3
VHK0010508,118S0196,YAGEO CORPORATION,2-5-4-3
VHK0010508,118S0201,YAGEO CORPORATION,2-5-4-3
VHK0010508,118S0273,YAGEO CORPORATION,2-5-4-3
VHK0010508,118S0306,YAGEO CORPORATION,2-5-4-3
VHK0010508,118S0354,YAGEO CORPORATION,2-5-4-3
VHK0010508,118S0366,YAGEO CORPORATION,2-5-4-3
VHK0010508,118S0396,YAGEO CORPORATION,2-5-4-3
VHK0010508,118S0400,YAGEO CORPORATION,2-5-4-3
VHK0010508,118S0433,YAGEO CORPORATION,2-5-4-3
VHK0010508,118S0460,YAGEO CORPORATION,2-5-4-3
VHK0010508,118S0608,YAGEO CORPORATION,2-5-4-3
VHK0010508,118S0627,YAGEO CORPORATION,2-5-4-3
VHK0010508,118S0676,YAGEO CORPORATION,2-5-4-3
VHK0010508,118S0679,YAGEO CORPORATION,2-5-4-3
VHK0010508,118S0705,YAGEO CORPORATION,2-5-4-3
VHK0010508,118S0706,YAGEO CORPORATION,2-5-4-3
VHK0010508,118S0709,YAGEO CORPORATION,2-5-4-3
VHK0010508,118S0724,YAGEO CORPORATION,2-5-4-3
VHK0010508,118S0729,YAGEO CORPORATION,2-5-4-3
VHK0010508,118S0737,YAGEO CORPORATION,2-5-4-3
VHK0010508,118S0742,YAGEO CORPORATION,2-5-4-3
VHK0010508,118S0751,YAGEO CORPORATION,2-5-4-3
VHK0010508,118S0868,YAGEO CORPORATION,2-5-4-3
VHK0010508,118S0875,YAGEO CORPORATION,2-5-4-3
VHK0010508,118S0881,YAGEO CORPORATION,2-5-4-3
VHK0010508,118S0886,YAGEO CORPORATION,1-5-4-2
VSG0010083,103S00045,Cyntec Co. Ltd,1-5-4-2
VSG0010083,103S00092,Cyntec Co. Ltd,1-5-4-2
VSG0010083,103S0443,Cyntec Co. Ltd,1-5-4-2
VSG0010083,114S0618,Cyntec Co. Ltd,1-5-4-2
VSG0010083,117S0009,Cyntec Co. Ltd,1-5-4-2
VSG0010083,117S0102,Cyntec Co. Ltd,1-5-4-2
VSG0010083,117S0161,Cyntec Co. Ltd,1-5-4-2
VSG0010083,117S0165,Cyntec Co. Ltd,1-5-4-2
VSG0010083,117S0166,Cyntec Co. Ltd,1-5-4-2
VSG0010083,117S0184,Cyntec Co. Ltd,1-5-4-2
VSG0010083,117S0201,Cyntec Co. Ltd,1-5-4-2
VSG0010083,118S00007,Cyntec Co. Ltd,1-5-4-2
VSG0010083,118S00018,Cyntec Co. Ltd,1-5-4-2
VSG0010083,118S00022,Cyntec Co. Ltd,1-5-4-2
VSG0010083,118S00025,Cyntec Co. Ltd,1-5-4-2
VSG0010083,118S00029,Cyntec Co. Ltd,1-5-4-2
VSG0010083,118S00030,Cyntec Co. Ltd,1-5-4-2
VSG0010083,118S00032,Cyntec Co. Ltd,1-5-4-2
VSG0010083,118S00053,Cyntec Co. Ltd,1-5-4-2
VSG0010083,118S00063,Cyntec Co. Ltd,1-5-4-2
VSG0010083,118S00066,Cyntec Co. Ltd,1-5-4-2
VSG0010083,118S00075,Cyntec Co. Ltd,1-5-4-2
VSG0010083,118S00095,Cyntec Co. Ltd,1-5-4-2
VSG0010083,118S0011,Cyntec Co. Ltd,1-5-4-2
VSG0010083,118S0012,Cyntec Co. Ltd,1-5-4-2
VSG0010083,118S0014,Cyntec Co. Ltd,1-5-4-2
VSG0010083,118S00142,Cyntec Co. Ltd,1-5-4-2
VSG0010083,118S0196,Cyntec Co. Ltd,1-5-4-2
VSG0010083,118S0201,Cyntec Co. Ltd,1-5-4-2
VSG0010083,118S0273,Cyntec Co. Ltd,1-5-4-2
VSG0010083,118S0306,Cyntec Co. Ltd,1-5-4-2
VSG0010083,118S0354,Cyntec Co. Ltd,1-5-4-2
VSG0010083,118S0366,Cyntec Co. Ltd,1-5-4-2
VSG0010083,118S0396,Cyntec Co. Ltd,1-5-4-2
VSG0010083,118S0400,Cyntec Co. Ltd,1-5-4-2
VSG0010083,118S0433,Cyntec Co. Ltd,1-5-4-2
VSG0010083,118S0460,Cyntec Co. Ltd,1-5-4-2
VSG0010083,118S0608,Cyntec Co. Ltd,1-5-4-2
VSG0010083,118S0615,Cyntec Co. Ltd,1-5-4-2
VSG0010083,118S0619,Cyntec Co. Ltd,1-5-4-2
VSG0010083,118S0626,Cyntec Co. Ltd,1-5-4-2
VSG0010083,118S0627,Cyntec Co. Ltd,1-5-4-2
VSG0010083,118S0629,Cyntec Co. Ltd,1-5-4-2
VSG0010083,118S0630,Cyntec Co. Ltd,1-5-4-2
VSG0010083,118S0631,Cyntec Co. Ltd,1-5-4-2
VSG0010083,118S0633,Cyntec Co. Ltd,1-5-4-2
VSG0010083,118S0634,Cyntec Co. Ltd,1-5-4-2
VSG0010083,118S0636,Cyntec Co. Ltd,1-5-4-2
VSG0010083,118S0640,Cyntec Co. Ltd,1-5-4-2
VSG0010083,118S0644,Cyntec Co. Ltd,1-5-4-2
VSG0010083,118S0663,Cyntec Co. Ltd,1-5-4-2
VSG0010083,118S0670,Cyntec Co. Ltd,1-5-4-2
VSG0010083,118S0671,Cyntec Co. Ltd,1-5-4-2
VSG0010083,118S0676,Cyntec Co. Ltd,1-5-4-2
VSG0010083,118S0679,Cyntec Co. Ltd,1-5-4-2
VSG0010083,118S0705,Cyntec Co. Ltd,1-5-4-2
VSG0010083,118S0706,Cyntec Co. Ltd,1-5-4-2
VSG0010083,118S0709,Cyntec Co. Ltd,1-5-4-2
VSG0010083,118S0729,Cyntec Co. Ltd,1-5-4-2
VSG0010083,118S0737,Cyntec Co. Ltd,1-5-4-2
VSG0010083,118S0742,Cyntec Co. Ltd,1-5-4-2
VSG0010083,118S0751,Cyntec Co. Ltd,1-5-4-2
VSG0010083,118S0868,Cyntec Co. Ltd,1-5-4-2
VSG0010083,118S0875,Cyntec Co. Ltd,1-5-4-2
VSG0010083,118S0881,Cyntec Co. Ltd,1-5-4-2
VSG0010083,118S0886,Cyntec Co. Ltd,
VKR0010116,377S0123,Amotech,
VHK0010312 ,107S00298,TDK,
VHK0010312 ,155S00005,TDK,
VHK0010312 ,155S00062,TDK,
VHK0010312 ,155S00433,TDK,
VTW0011428,152S00203,Taiyo,
VTW0011428,152S00313,Taiyo,
VTW0011428,131S00057,Taiyo,
VTW0011428,131S00063,Taiyo,
VTW0011428,131S00145,Taiyo,
VTW0011428,131S00150,Taiyo,
VTW0011428,131S00151,Taiyo,
VTW0011428,131S00289,Taiyo,
VTW0011428,131S00291,Taiyo,
VTW0011428,131S00303,Taiyo,
VTW0011428,131S0219,Taiyo,
VTW0011428,132S00003,Taiyo,
VTW0011428,132S00025,Taiyo,
VTW0011428,132S00047,Taiyo,
VTW0011428,132S00052,Taiyo,
VTW0011428,132S00081,Taiyo,
VTW0011428,132S00149,Taiyo,
VTW0011428,132S00154,Taiyo,
VTW0011428,132S00233,Taiyo,
VTW0011428,132S0245,Taiyo,
VTW0011428,132S0281,Taiyo,
VTW0011428,132S0288,Taiyo,
VTW0011428,132S0316,Taiyo,
VTW0011428,132S0396,Taiyo,
VTW0011428,132S0534,Taiyo,
VTW0011428,138S00014,Taiyo,
VTW0011428,138S00042,Taiyo,
VTW0011428,138S00116,Taiyo,
VTW0011428,138S00163,Taiyo,
VTW0011428,138S00264,Taiyo,
VTW0011428,138S0648,Taiyo,
VTW0011428,138S0683,Taiyo,
VTW0011428,138S0692,Taiyo,
VTW0011428,138S0761,Taiyo,
VTW0011428,138S0979,Taiyo,
VTW0010970,E15-32V768K-AP,KDS,
VTW0011136,E01-CBTL1610A3BUK-AP,NXP,
VTW0011136,E12-PESD5V0X1-AP,NXP,
VTW0011136,E15-CX1210DB4-AP,Kyocera,
VTW0011136,131S00151,Kyocera,
VTW0011136,131S00303,Kyocera,
VTW0011136,132S00232,Kyocera,
VTW0011136,138S00049,Kyocera,
VTW0011136,138S00128,Kyocera,
VTW0011136,138S00143,Kyocera,
VTW0011136,138S00221,Kyocera,
VTW0011136,075-0001-1293,ITT,
VTW0011443,E12-5011ZA-02S,Semtech,1-5-4-2
VSG0010338,518S00207,Murata,1-5-4-2
VSG0010338,107S00066,Murata,1-5-4-2
VSG0010338,107S0208,Murata,1-5-4-2
VSG0010338,152S00143,Murata,1-5-4-2
VSG0010338,152S00500,Murata,1-5-4-2
VSG0010338,152S00513,Murata,1-5-4-2
VSG0010338,152S00634,Murata,1-5-4-2
VSG0010338,152S00702,Murata,1-5-4-2
VSG0010338,152S00925,Murata,1-5-4-2
VSG0010338,152S01004,Murata,1-5-4-2
VSG0010338,152S1674,Murata,1-5-4-2
VSG0010338,155S00090,Murata,1-5-4-2
VSG0010338,155S00217,Murata,1-5-4-2
VSG0010338,155S00397,Murata,1-5-4-2
VSG0010338,155S0654,Murata,1-5-4-2
VSG0010338,155S0676,Murata,1-5-4-2
VSG0010338,131S00057,Murata,1-5-4-2
VSG0010338,131S00063,Murata,1-5-4-2
VSG0010338,131S00145,Murata,1-5-4-2
VSG0010338,131S00150,Murata,1-5-4-2
VSG0010338,131S00151,Murata,1-5-4-2
VSG0010338,131S00177,Murata,1-5-4-2
VSG0010338,131S00289,Murata,1-5-4-2
VSG0010338,131S00291,Murata,1-5-4-2
VSG0010338,131S00303,Murata,1-5-4-2
VSG0010338,131S0219,Murata,1-5-4-2
VSG0010338,131S0375,Murata,1-5-4-2
VSG0010338,131S0391,Murata,1-5-4-2
VSG0010338,131S0530,Murata,1-5-4-2
VSG0010338,131S0540,Murata,1-5-4-2
VSG0010338,132S00003,Murata,1-5-4-2
VSG0010338,132S00010,Murata,1-5-4-2
VSG0010338,132S00014,Murata,1-5-4-2
VSG0010338,132S00025,Murata,1-5-4-2
VSG0010338,132S00047,Murata,1-5-4-2
VSG0010338,132S00052,Murata,1-5-4-2
VSG0010338,132S00081,Murata,1-5-4-2
VSG0010338,132S0245,Murata,1-5-4-2
VSG0010338,132S0281,Murata,1-5-4-2
VSG0010338,132S0288,Murata,1-5-4-2
VSG0010338,132S0301,Murata,1-5-4-2
VSG0010338,132S0316,Murata,1-5-4-2
VSG0010338,132S0396,Murata,1-5-4-2
VSG0010338,132S0534,Murata,1-5-4-2
VSG0010338,132S0683,Murata,1-5-4-2
VSG0010338,138S00008,Murata,1-5-4-2
VSG0010338,138S00014,Murata,1-5-4-2
VSG0010338,138S00042,Murata,1-5-4-2
VSG0010338,138S00071,Murata,1-5-4-2
VSG0010338,138S00123,Murata,1-5-4-2
VSG0010338,138S00133,Murata,1-5-4-2
VSG0010338,138S00136,Murata,1-5-4-2
VSG0010338,138S00144,Murata,1-5-4-2
VSG0010338,138S00146,Murata,1-5-4-2
VSG0010338,138S00237,Murata,1-5-4-2
VSG0010338,138S0683,Murata,1-5-4-2
VSG0010338,138S0692,Murata,1-5-4-2
VSG0010338,138S0706,Murata,1-5-4-2
VSG0010338,138S0719,Murata,
VSG0010338,138S0754,Murata,1-5-4-2
VSG0010338,138S0761,Murata,1-5-4-2
VSG0010338,138S0769,Murata,1-5-4-2
VSG0010338,138S0831,Murata,1-5-4-2
VSG0010338,138S0979,Murata,
VCN0030205,NA,,1-5-4-2
VTWPI00U,E81-EVPAT1L1B-AP,Panasonic,1-5-4-2
VTWPI00U,E81-EVPBB0AAB-AP,Panasonic,1-5-4-2
VTWPI00U,E81-EVPBB2A9B-AP,Panasonic,1-5-4-2
VTW0011167,103S00092,Panasonic,1-5-4-2
VTW0011167,103S0443,Panasonic,1-5-4-2
VTW0011167,107S00126,Panasonic,1-5-4-2
VTW0011167,107S0150,Panasonic,1-5-4-2
VTW0011167,117S0161,Panasonic,1-5-4-2
VTW0011167,117S0165,Panasonic,1-5-4-2
VTW0011167,117S0166,Panasonic,1-5-4-2
VTW0011167,117S0184,Panasonic,1-5-4-2
VTW0011167,118S00007,Panasonic,1-5-4-2
VTW0011167,118S00032,Panasonic,1-5-4-2
VTW0011167,118S00053,Panasonic,1-5-4-2
VTW0011167,118S00063,Panasonic,1-5-4-2
VTW0011167,118S00066,Panasonic,1-5-4-2
VTW0011167,118S00095,Panasonic,1-5-4-2
VTW0011167,118S0011,Panasonic,1-5-4-2
VTW0011167,118S0012,Panasonic,1-5-4-2
VTW0011167,118S0014,Panasonic,1-5-4-2
VTW0011167,118S0196,Panasonic,1-5-4-2
VTW0011167,118S0201,Panasonic,1-5-4-2
VTW0011167,118S0273,Panasonic,1-5-4-2
VTW0011167,118S0306,Panasonic,1-5-4-2
VTW0011167,118S0354,Panasonic,1-5-4-2
VTW0011167,118S0366,Panasonic,1-5-4-2
VTW0011167,118S0396,Panasonic,1-5-4-2
VTW0011167,118S0400,Panasonic,1-5-4-2
VTW0011167,118S0433,Panasonic,1-5-4-2
VTW0011167,118S0460,Panasonic,1-5-4-2
VTW0011167,118S0608,Panasonic,1-5-4-2
VTW0011167,118S0615,Panasonic,1-5-4-2
VTW0011167,118S0619,Panasonic,1-5-4-2
VTW0011167,118S0627,Panasonic,1-5-4-2
VTW0011167,118S0629,Panasonic,1-5-4-2
VTW0011167,118S0630,Panasonic,1-5-4-2
VTW0011167,118S0631,Panasonic,1-5-4-2
VTW0011167,118S0633,Panasonic,1-5-4-2
VTW0011167,118S0634,Panasonic,1-5-4-2
VTW0011167,118S0636,Panasonic,1-5-4-2
VTW0011167,118S0640,Panasonic,1-5-4-2
VTW0011167,118S0644,Panasonic,1-5-4-2
VTW0011167,118S0663,Panasonic,1-5-4-2
VTW0011167,118S0670,Panasonic,1-5-4-2
VTW0011167,118S0671,Panasonic,1-5-4-2
VTW0011167,118S0676,Panasonic,1-5-4-2
VTW0011167,118S0679,Panasonic,1-5-4-2
VTW0011167,118S0705,Panasonic,1-5-4-2
VTW0011167,118S0706,Panasonic,1-5-4-2
VTW0011167,118S0709,Panasonic,1-5-4-2
VTW0011167,118S0729,Panasonic,1-5-4-2
VTW0011167,118S0737,Panasonic,1-5-4-2
VTW0011167,118S0751,Panasonic,1-5-4-2
VTW0011167,118S0868,Panasonic,1-5-4-2
VTW0011167,118S0875,Panasonic,1-5-4-2
VTW0011167,118S0881,Panasonic,1-5-4-2
VTW0011167,118S0886,Panasonic,
VSG0010355,911-000R-037,Alpha,
,911-HF36-020,Alpha,
VTH0010024,911-0R10-023,Indium,
VCN0032526,903-0001-1154,,
VHK0011587,071-0000-6729 ,Loctite,
,071-0001-6903,Loctite,
VBZ0010018,081-0001-9125,Proway Eco,
VBZ0010018,081-0002-9125,Proway Eco,
VBZ0010018,081-0003-9125,Proway Eco,
VBZ0010018,081-0004-9125,Proway Eco,
VBZ0010018,081-0005-9125,Proway Eco,
VBZ0010018,081-0006-9125,Proway Eco,
VBZ0010018,081-0007-9125,Proway Eco,
VBZ0010018,081-0008-9125,Proway Eco,
VBZ0010018,081-0009-9125,Proway Eco,
VBZ0010018,081-0010-9125,Proway Eco,
VBZ0010018,081-0002-9213,Proway Eco,
VBZ0010018,081-0001-9213,Proway Eco,
VBZ0010018,081-0003-9213,Proway Eco,
VBZ0010018,081-0004-9213,Proway Eco,
VBZ0010018,084-0001-8065,Proway Eco,
VBZ0010018,084-0002-8065,Proway Eco,
VBZ0010018,080-0009-038,Proway Eco,
VBZ0010018,086-0001-4767,Proway Eco,
VBZ0010018,081-0003-280,Proway Eco,
VBZ0010018,081-0001-9256,Proway Eco,
VBZ0010018,081-0002-9256,Proway Eco,
VBZ0010018,081-0001-9259,Proway Eco,
VBZ0010018,081-0001-9258,Proway Eco,
VBZ0010018,081-0002-9258,Proway Eco,
VBZ0010018,081-0003-9258,Proway Eco,
VBZ0010018,084-0001-1617,Proway Eco,
VBZ0010018,1501001-0010034,Proway Eco,
VBZ0010018,084-0001-1618,Proway Eco,
VVN0010067,081-0008-2585,Jinyongli VN ,
VVN0010067,082-0001-077,Jinyongli VN ,
VVN0010067,082-0002-077,Jinyongli VN ,
VVN0010067,083-0006-7416,Jinyongli VN ,
VVN0010067,083-0007-7416,Jinyongli VN ,
VVN0010067,084-0009-8864,Jinyongli VN ,
VVN0010067,084-0010-8864,Jinyongli VN ,
VVN0010067,084-0012-8864,Jinyongli VN ,
VVN0010067,086-0006-00001,Jinyongli VN ,
VVN0010067,090-0016-532,Jinyongli VN ,
VVN0010053,085-0001-2478-V,CV,
VVN0010029 ,080-012B-320,MYS VN,
VVN0010029 ,081-0001-9257,MYS VN,
VVN0010029 ,081-0001-9260,MYS VN,
VVN0010029 ,081-0001-9261,MYS VN,
VVN0010029 ,081-0002-9261,MYS VN,
VVN0010066,084-0001-1617,Viet Hung,
VHK0011686,010306H00-600-G,AKMMV,
VHK0011686,010306J00-600-G,AKMMV,
VTW0014008,010306H00-600-G,Qun Hong,
VTW0014008,010306J00-600-G,Qun Hong,
VTW0011354,01021B800-600-G,Career,
VTW0011354,01021B900-600-G,Career,
VHK0000022,01021B800-600-G,Avary,
VHK0000022,01021B900-600-G,Avary,
VHK0000022,01021BA00-600-G ,Avary,
VTW0011509,0101K3900-600-G ,Nanya,
VTW0011415,0101K3900-600-G ,Unimicron,
VHK0010651,0101K3600-600-G ,CCTC,
VCN0011222,0101K3600-600-G ,ELLINGTON,
VHK0010171,01021BA00-600-G ,Sumitomo,
VKR0010230,E01-339M00167-AP,JCET STATS CHIPPAC KOREA LIMITED - 005566M,
VKR0010230,E01-339M00168-AP,JCET STATS CHIPPAC KOREA LIMITED - 005566M,
VKR0010230,E01-1644LWP0-AP,JCET STATS CHIPPAC KOREA LIMITED - 005566M,
VKR0010230,E01-339M00081-AP,JCET STATS CHIPPAC KOREA LIMITED - 005566M,
VKR0010230,E01-339M00082-AP,JCET STATS CHIPPAC KOREA LIMITED - 005566M,2-5-4-3
VTW0014087,E01-MX1767-AP,ASE ELECTRONICS INC. - 005815M,2-5-4-3
VTW0014087,E01-38000161-AP,ASE ELECTRONICS INC. - 005815M,
VCN0019199,026-0001-6834,"FREEWON CHINA CO.,LTD",
VCN0019199,026-0002-6834,"FREEWON CHINA CO.,LTD",
VCN0019199,026-0003-6834,"FREEWON CHINA CO.,LTD",
VCN0019199,026-0004-6834,"FREEWON CHINA CO.,LTD",
VHK0010239,075-0001-1307,HIROSE ELECT. - 000347M,
VHK0010239,075-0001-1334,HIROSE ELECT. - 000347M,
VHK0010239,075-0002-1334,HIROSE ELECT. - 000347M,
VHK0010154,075-0001-1312,KEYSTONE ELECTRONICS CORP - 000429M,
VHK0010154,075-0001-1330,KEYSTONE ELECTRONICS CORP - 000429M,
VHK0010154,075-0002-1330,KEYSTONE ELECTRONICS CORP - 000429M,
VHK0010154,075-0004-1331,KEYSTONE ELECTRONICS CORP - 000429M,
VHK0010154,075-0012-1333,NKK SWITCHES OF AMERICA - 000564M,
VHK0010154,075-0004-1333,Tyco OEG - 003492M,
VHK0010154,075-0034-1332,SULLINS ELECTRONICS CORP. - 000789M,
VHK0010154,075-010B-1332,SULLINS ELECTRONICS CORP. - 000789M,
VHK0010154,,SULLINS ELECTRONICS CORP. - 000789M,
VHK0010154,075-0003-1331 ,MOLEX INCORPORATED - 000522M,
VHK0010154,075-0013-1333,MEMORY PROTECT. DEVICES/BOGEN - 000492M,
VHK0010154,075-010F-1332,SAMTEC - 000696M,
VHK0010154,075-0005-1332,SAMTEC - 000696M,
VHK0010154,075-008P-1332,SAMTEC - 000696M,
VHK0010154,075-0002-1332,SAMTEC - 000696M,
VHK0010154,075-0003-1332,SAMTEC - 000696M,
VHK0010154,075-0004-1332,SAMTEC - 000696M,
VHK0010154,075-0006-1332,SAMTEC - 000696M,
VHK0010154,075-0016-1332,SAMTEC - 000696M,
VHK0010154,075-0008-1332,SAMTEC - 000696M,
VHK0010154,075-006P-1332,SAMTEC - 000696M,
VHK0010154,075-010S-1332,SAMTEC - 000696M,
VHK0010154,075-012P-1332,SAMTEC - 000696M,
VHK0010154,075-0001-1333,Phoenix Contact GmbH & Co. KG - 004263M,
VHK0010154,377S00133,TDK CORPORATION OF AMERICA - 000811M,
VHK0010154,107S00351,TDK CORPORATION OF AMERICA - 000811M,
VHK0010154,E01-CC1R50505SF-AP,TDK CORPORATION OF AMERICA - 000811M,
VHK0010154,117S00013,YAGEO CORPORATION CORPORATION,2-5-4-3
VHK0010154,117S00050  ,YAGEO CORPORATION CORPORATION,2-5-4-3
VHK0010154,117S00051 ,YAGEO CORPORATION CORPORATION,2-5-4-3
VHK0010154,117S00060 ,YAGEO CORPORATION CORPORATION,2-5-4-3
VHK0010154,118S0365,YAGEO CORPORATION CORPORATION,2-5-4-3
VHK0010154,152S00026,,
VHK0010154,E08-SI2318DS-AP,VISHAY/SILICONIX - 000743M,
VHK0010154,E84-LSL29K-AP,Osram Opto Semiconductors - 003320M,
VHK0010154,E01-BU52077GWZ-AP,"ROHM CORP, LTD - 000678M",
VHK0010154,E01-LTC4359IDCB-AP,LINEAR TECHNOLOGY - 000459M,1-5-4-2
VHK0010154,E01-567AIRHGRG4-AP,TEXAS INSTRUMENTS (TI) - 000822M,
VHK0010154,E01-FT4232HL-AP,FUTURE TECHNOLOGIES DEVICES INT. LT - 005331M,
VHK0010154,E12-SDZ5V6-AP,"ROHM CORP, LTD - 000678M",
VCN0031162,075-0001-1294,LINKCONN ELECTRONICS (H.K.) LIMITED - 005690M,
/,UT12123-10300-7H,FIT (IDS),
/,UT12123-3030E-7H,FIT (IDS),
/,QV51105-SB334A-7H,FIT (IDS),
VCN0033742,UT12123-10300-7H,YT CONN,
VCN0033742,075-0001-1376,YT CONN,
VCN0033742,075-0002-1376,YT CONN,
VFR0010003,075-0002-1313,C & K SWITCH - 000117M,
VFR0010003,075-0002-1333,C & K SWITCH - 000117M,
VFR0010003,075-0007-1333,C & K SWITCH - 000117M,
VFR0010003,075-0008-1333,C & K SWITCH - 000117M,
VFR0010003,075-0009-1333,C & K SWITCH - 000117M,
VFR0010003,075-0010-1333,C & K SWITCH - 000117M,
VTW0011167,E81-EVPBB1AAB-AP,PANASONIC,
VTW0011167,E81-EVPBB2A9B-AP,PANASONIC,
VTW0011167,107S0150,PANASONIC,
VTW0010789,E02-SPH0690-AP,KNOWLES ACOUSTICS - 004510M,
VTW0010789,E02-SPW0690-AP,KNOWLES ACOUSTICS - 004510M,
VSG0010515,082-0005-077 ,GORE,
VCN0024259,082-0005-077 ,GORE,
VDE0010010,E01-D2508B1P0-AP,DIALOG SEMICONDUCTOR - 001462M,
VDE0010010,E01-D2508B1P0-AP,DIALOG SEMICONDUCTOR - 001462M,
VDE0010010,E01-D2508B1P0-AP,DIALOG SEMICONDUCTOR - 001462M,
VIE0010002,E01-DS2431P-AP,MAXIM - 001489M,
VIE0010002,E01-MAX14709AENL-AP,MAXIM - 001489M,
VIE0010002,E01-MAX9646EWS-AP,MAXIM - 001489M,
VIE0010009,E01-ATCPZ003UUDA-AP,ATMEL - 000978M,
VIE0010009,E01-93LC56B-AP,"MICROCHIP TECHNOLOGY, INC. - 001513M",
VTW0010893,E01-BMA552AB-AP,BOSCH SENSOR TEC GMBH - 004541M,
VTW0010893,E01-BMA552AC-AP,BOSCH SENSOR TEC GMBH - 004541M,
VTW0010893,E01-BMI282AA-AP,BOSCH SENSOR TEC GMBH - 004541M,1-5-4-2
VSG0000023,E01-BQ25618YFF-AP,TEXAS INSTRUMENTS (TI) - 000822M,1-5-4-2
VSG0000023,E01-TLV70733PDQN-AP,TEXAS INSTRUMENTS (TI) - 000822M,
VSG0000023,E01-SN27546YPHR-AP,TEXAS INSTRUMENTS (TI) - 000822M,1-5-4-2
VSG0000023,E01-SN74AVC4-AP,TEXAS INSTRUMENTS (TI) - 000822M,1-5-4-2
VSG0000023,E01-SN74LVC2G-AP,TEXAS INSTRUMENTS (TI) - 000822M,1-5-4-2
VSG0000023,E01-LP5907MFX3V3-AP,TEXAS INSTRUMENTS (TI) - 000822M,1-5-4-2
VSG0000023,E01-LP5907MFX1V8-AP,TEXAS INSTRUMENTS (TI) - 000822M,1-5-4-2
VSG0000023,E08-CSD68815W15-AP,TEXAS INSTRUMENTS (TI) - 000822M,1-5-4-2
VTW0011111,E01-AS3441ZWLT-AP,AUSTRIA MICRO SYSTEMS LTD - 001263M,
VTW0011352,E01-SKY7600341-AP,"Skyworks Solutions, Inc. - 002405M",
VTW0011352,E01-SKY7600342-AP,"Skyworks Solutions, Inc. - 002405M",
VTW0011403,E01-82C0AAJ-AP,SEIKO INSTRUMENTS - 000721M,
VTW0011403,E01-82B0BAV-AP,SEIKO INSTRUMENTS - 000721M,
Free Sample,E01-R5412Z151CE-AP,RICOH - 000667M,
Free Sample,E01-R5413Z151RX-AP,RICOH - 000667M,
Free Sample,E01-MM3833K01LBE-AP,MITSUMI ELECTRONIC CORP - 000519M,
Free Sample,E01-MM3805K11LBE-AP,MITSUMI ELECTRONIC CORP - 000519M,
VTW0011360,E08-RV3C002UN-AP,"ROHM CORP, LTD - 000678M",
VTW0011360,E84-SMLP34RGB2W-AP,"ROHM CORP, LTD - 000678M",
VHK0011733,E01-FPF2495CUCX-AP,ON SEMICONDUCTOR - 002360M,
VHK0011733,E01-NCP170AMX180-AP,ON SEMICONDUCTOR - 002360M,
VHK0011733,E08-EFC4626R-AP,ON SEMICONDUCTOR - 002360M,
VHK0011733,E08-NTNS3190NZ-AP,ON SEMICONDUCTOR - 002360M,
VHK0011733,E12-ESD5101-AP,ON SEMICONDUCTOR - 002360M,
VHK0011733,E12-ESD5111P-AP,ON SEMICONDUCTOR - 002360M,
VHK0011733,E12-SESD5101-AP,ON SEMICONDUCTOR - 002360M,
VHK0011733,E12-SESD5111P-AP,ON SEMICONDUCTOR - 002360M,
VHK0011733,E12-SESDM2033-AP,ON SEMICONDUCTOR - 002360M,
VHK0011733,E12-SESDU1052-AP,ON SEMICONDUCTOR - 002360M,
VTW0011224,E01-STB620A1-AP,ST MICROELECTRONICS - 000729M,
VTW0011224,E01-STM32L476MGY6-AP,ST MICROELECTRONICS - 000729M,
VTW0011224,E12-ESDA51BF4-AP,ST MICROELECTRONICS - 000729M,
VTW0011224,E12-ESDALC20-AP,ST MICROELECTRONICS - 000729M,
VHK0010312 ,155S00656,TDK CORPORATION OF AMERICA - 000811M,
VHK0010312 ,155S00062,TDK CORPORATION OF AMERICA - 000811M,
VTW0011457,E15-32V768K-AP,TXC Corporation - 002435M,
VTW0011457,E15-32V768K-AP,TXC Corporation - 002435M,
VTW0011457,E15-8Z12010004-AP,TXC Corporation - 002435M,
VTW0011025,E15-32V768K-AP,EPSON - 001404M,
VTW0011025,E15-32V768K-AP,EPSON - 001404M,
VHK0010296,E84-EAST1608RWA0-AP,"EVERLIGHT AMERICAS, INC - 005212M",
,E84-C191KFWT-AP,LITE-ON TECHNOLOGY SDN. BHD - 001650M,
,E84-C191GKT-AP,LITE-ON TECHNOLOGY SDN. BHD - 001650M,
VSG0010097,E12-ESD231-AP,Infineon Technologies - 003866M,
VSG0010097,E12-ESD241-AP,Infineon Technologies - 003866M,
VSG0010097,E12-ESD227U1-AP,Infineon Technologies - 003866M,
VSG0010097,E12-ESD132-AP,Infineon Technologies - 003866M,
VSG0010097,E12-ESD241-AP,Infineon Technologies - 003866M,
VTW0011443,E12-5011ZA-02S,SEMTECH CORPORATION - 001786M,
VTW0011443,E12-UCLAMP-024-AP,SEMTECH CORPORATION - 001786M,
VTW0011443,E12-UCLAMP5031ZA-AP,SEMTECH CORPORATION - 001786M,
VTW0011443,E08-AOCA32198E-AP,Alpha Omega Semiconductor - 004265M,1-5-4-2
VHK0010299,E08-DMN2990UFZ-AP,DIODES INC.,1-5-4-2
VHK0010299,E08-DMN2991UFZ-AP,DIODES INC.,1-5-4-2
VHK0010299,E08-DMN5L06VAK-AP,DIODES INC.,1-5-4-2
VHK0010299,E08-DMN3730UFB4-AP,DIODES INC.,1-5-4-2
VHK0010299,E08-DMN2990UFA-AP,DIODES INC.,1-5-4-2
VHK0010299,E08-DMP2541UCB9-AP,DIODES INC.,1-5-4-2
VHK0010299,E08-MMBT3904LP-AP,DIODES INC.,
VTW0011136,E01-PI3USB102EZLE-AP,PERICOM SEMICONDUCTOR - 001680M,
VTW0011136,E01-LM4040BIM3-AP,NATIONAL SEMICONDUCTOR - 000544M,
VTW0011136,E12-PESD5V0X1-AP,NXP SEMICONDUCTOR - 004295M,
VTW0011136,E01-CBTL1610A3BUK-AP,NXP SEMICONDUCTOR - 004295M,
VTW0011136,E08-PMBT3904M-AP,"NEXPERIA USA INC., A DELAWARE CORP - 005674M",
VTW0011136,131S00303,KYOCERA CORPORATION - 005120M,
VTW0011136,132S00040,KYOCERA CORPORATION - 005120M,
VTW0011136,138S00049,KYOCERA CORPORATION - 005120M,
VTW0011136,138S00229,KYOCERA CORPORATION - 005120M,
VCN0030205,131S00003,"SAMSUNG ELECTRO-MECHANICS CO., LTD - 004735M",
VCN0030205,131S00015,"SAMSUNG PACIFIC INT., INC. - 000931M",
VCN0030205,131S00028,"SAMSUNG PACIFIC INT., INC. - 000931M",
VCN0030205,131S00090,"SAMSUNG ELECTRO-MECHANICS CO., LTD - 004735M",
VCN0030205,132S00003,"SAMSUNG PACIFIC INT., INC. - 000931M",
VCN0030205,132S00040,"SAMSUNG PACIFIC INT., INC. - 000931M",
VCN0030205,132S00057,"SAMSUNG ELECTRO-MECHANICS CO., LTD - 004735M",
VCN0030205,132S0245,"SAMSUNG PACIFIC INT., INC. - 000931M",
VCN0030205,132S0288,"SAMSUNG PACIFIC INT., INC. - 000931M",
VCN0030205,132S0333,"SAMSUNG PACIFIC INT., INC. - 000931M",
VCN0030205,132S0351,"SAMSUNG PACIFIC INT., INC. - 000931M",
VCN0030205,138S00014,"SAMSUNG PACIFIC INT., INC. - 000931M",
VCN0030205,138S0640,"SAMSUNG PACIFIC INT., INC. - 000931M",
VCN0030205,138S0652,"SAMSUNG PACIFIC INT., INC. - 000931M",
VCN0030205,138S0692,"SAMSUNG PACIFIC INT., INC. - 000931M",
VCN0030205,138S0739,"SAMSUNG PACIFIC INT., INC. - 000931M",
VCN0030205,138S0789,"SAMSUNG PACIFIC INT., INC. - 000931M",2-5-4-3
VHK0010449,107S00066,MURATA CORPORATION OF AMERICA - 000536M,2-5-4-3
VHK0010449,107S00460,MURATA CORPORATION OF AMERICA - 000536M,2-5-4-3
VHK0010449,131S00003,MURATA CORPORATION OF AMERICA - 000536M,2-5-4-3
VHK0010449,131S00015,MURATA CORPORATION OF AMERICA - 000536M,2-5-4-3
VHK0010449,131S00025,MURATA CORPORATION OF AMERICA - 000536M,2-5-4-3
VHK0010449,131S00028,MURATA CORPORATION OF AMERICA - 000536M,2-5-4-3
VHK0010449,131S00090,MURATA CORPORATION OF AMERICA - 000536M,2-5-4-3
VHK0010449,131S00145,MURATA CORPORATION OF AMERICA - 000536M,2-5-4-3
VHK0010449,131S00177,MURATA CORPORATION OF AMERICA - 000536M,2-5-4-3
VHK0010449,131S00303,MURATA CORPORATION OF AMERICA - 000536M,2-5-4-3
VHK0010449,131S00365,MURATA CORPORATION OF AMERICA - 000536M,2-5-4-3
VHK0010449,131S0425,MURATA CORPORATION OF AMERICA - 000536M,2-5-4-3
VHK0010449,131S0654,MURATA CORPORATION OF AMERICA - 000536M,2-5-4-3
VHK0010449,131S0730,MURATA CORPORATION OF AMERICA - 000536M,2-5-4-3
VHK0010449,131S0805,MURATA CORPORATION OF AMERICA - 000536M,2-5-4-3
VHK0010449,132S00003,MURATA CORPORATION OF AMERICA - 000536M,2-5-4-3
VHK0010449,132S00010,MURATA CORPORATION OF AMERICA - 000536M,2-5-4-3
VHK0010449,132S00014,MURATA CORPORATION OF AMERICA - 000536M,2-5-4-3
VHK0010449,132S00040,MURATA CORPORATION OF AMERICA - 000536M,2-5-4-3
VHK0010449,132S00057,MURATA CORPORATION OF AMERICA - 000536M,2-5-4-3
VHK0010449,132S0245,MURATA CORPORATION OF AMERICA - 000536M,2-5-4-3
VHK0010449,132S0288,MURATA CORPORATION OF AMERICA - 000536M,2-5-4-3
VHK0010449,132S0333,MURATA CORPORATION OF AMERICA - 000536M,2-5-4-3
VHK0010449,132S0351,MURATA CORPORATION OF AMERICA - 000536M,2-5-4-3
VHK0010449,132S0320,MURATA CORPORATION OF AMERICA - 000536M,2-5-4-3
VHK0010449,132S0396,MURATA CORPORATION OF AMERICA - 000536M,2-5-4-3
VHK0010449,132S0397,MURATA CORPORATION OF AMERICA - 000536M,2-5-4-3
VHK0010449,132S0428,MURATA CORPORATION OF AMERICA - 000536M,2-5-4-3
VHK0010449,132S0534,MURATA CORPORATION OF AMERICA - 000536M,2-5-4-3
VHK0010449,131S0557,MURATA CORPORATION OF AMERICA - 000536M,2-5-4-3
VHK0010449,138S0652,MURATA CORPORATION OF AMERICA - 000536M,2-5-4-3
VHK0010449,132S0683,MURATA CORPORATION OF AMERICA - 000536M,2-5-4-3
VHK0010449,138S00008,MURATA CORPORATION OF AMERICA - 000536M,2-5-4-3
VHK0010449,138S00014,MURATA CORPORATION OF AMERICA - 000536M,2-5-4-3
VHK0010449,138S00042,MURATA CORPORATION OF AMERICA - 000536M,2-5-4-3
VHK0010449,138S00060,MURATA CORPORATION OF AMERICA - 000536M,2-5-4-3
VHK0010449,138S00071,MURATA CORPORATION OF AMERICA - 000536M,2-5-4-3
VHK0010449,138S00133,MURATA CORPORATION OF AMERICA - 000536M,2-5-4-3
VHK0010449,138S00144,MURATA CORPORATION OF AMERICA - 000536M,2-5-4-3
VHK0010449,138S00146,MURATA CORPORATION OF AMERICA - 000536M,2-5-4-3
VHK0010449,138S0692,MURATA CORPORATION OF AMERICA - 000536M,2-5-4-3
VHK0010449,138S0703,MURATA CORPORATION OF AMERICA - 000536M,2-5-4-3
VHK0010449,138S0831,MURATA CORPORATION OF AMERICA - 000536M,2-5-4-3
VHK0010449,152S00026,MURATA CORPORATION OF AMERICA - 000536M,2-5-4-3
VHK0010449,152S00513,MURATA CORPORATION OF AMERICA - 000536M,2-5-4-3
VHK0010449,152S00552,MURATA CORPORATION OF AMERICA - 000536M,2-5-4-3
VHK0010449,152S01326,MURATA CORPORATION OF AMERICA - 000536M,2-5-4-3
VHK0010449,152S2036,MURATA CORPORATION OF AMERICA - 000536M,2-5-4-3
VHK0010449,155S00090,MURATA CORPORATION OF AMERICA - 000536M,2-5-4-3
VHK0010449,155S00217,MURATA CORPORATION OF AMERICA - 000536M,2-5-4-3
VHK0010449,155S00759,MURATA CORPORATION OF AMERICA - 000536M,2-5-4-3
VHK0010449,155S0468,MURATA CORPORATION OF AMERICA - 000536M,2-5-4-3
VHK0010449,155S0654,MURATA CORPORATION OF AMERICA - 000536M,2-5-4-3
VHK0010449,155S0676,MURATA CORPORATION OF AMERICA - 000536M,2-5-4-3
VHK0010449,518S0894,MURATA CORPORATION OF AMERICA - 000536M,1-5-4-2
VHK0010508,103S00045,YAGEO CORPORATION CORPORATION,2-5-4-3
VHK0010508,103S00515,YAGEO CORPORATION CORPORATION,2-5-4-3
VHK0010508,103S00527,YAGEO CORPORATION CORPORATION,2-5-4-3
VHK0010508,104S00037,YAGEO CORPORATION CORPORATION,2-5-4-3
VHK0010508,113S0022,YAGEO CORPORATION CORPORATION,2-5-4-3
VHK0010508,113S0040,YAGEO CORPORATION CORPORATION,2-5-4-3
VHK0010508,114S0092,YAGEO CORPORATION CORPORATION,2-5-4-3
VHK0010508,114S0179,YAGEO CORPORATION CORPORATION,2-5-4-3
VHK0010508,114S0204,YAGEO CORPORATION CORPORATION,2-5-4-3
VHK0010508,114S0218,YAGEO CORPORATION CORPORATION,2-5-4-3
VHK0010508,114S0279,YAGEO CORPORATION CORPORATION,2-5-4-3
VHK0010508,114S0283,YAGEO CORPORATION CORPORATION,2-5-4-3
VHK0010508,114S0315,YAGEO CORPORATION CORPORATION,2-5-4-3
VHK0010508,114S0323,YAGEO CORPORATION CORPORATION,2-5-4-3
VHK0010508,114S0361,YAGEO CORPORATION CORPORATION,2-5-4-3
VHK0010508,114S0411,YAGEO CORPORATION CORPORATION,2-5-4-3
VHK0010508,114S0542,YAGEO CORPORATION CORPORATION,2-5-4-3
VHK0010508,114S0548,YAGEO CORPORATION CORPORATION,2-5-4-3
VHK0010508,114S0585,YAGEO CORPORATION CORPORATION,2-5-4-3
VHK0010508,116S0004,YAGEO CORPORATION CORPORATION,2-5-4-3
VHK0010508,116S0062,YAGEO CORPORATION CORPORATION,2-5-4-3
VHK0010508,116S0066,YAGEO CORPORATION CORPORATION,2-5-4-3
VHK0010508,116S0090,YAGEO CORPORATION CORPORATION,2-5-4-3
VHK0010508,116S0130,YAGEO CORPORATION CORPORATION,2-5-4-3
VHK0010508,116S0138,YAGEO CORPORATION CORPORATION,2-5-4-3
VHK0010508,117S0104,YAGEO CORPORATION CORPORATION,2-5-4-3
VHK0010508,117S0106,YAGEO CORPORATION CORPORATION,2-5-4-3
VHK0010508,117S0102,YAGEO CORPORATION CORPORATION,2-5-4-3
VHK0010508,117S0161,YAGEO CORPORATION CORPORATION,2-5-4-3
VHK0010508,117S0201,YAGEO CORPORATION CORPORATION,2-5-4-3
VHK0010508,118S00025,YAGEO CORPORATION CORPORATION,2-5-4-3
VHK0010508,118S00032,YAGEO CORPORATION CORPORATION,2-5-4-3
VHK0010508,118S00075,YAGEO CORPORATION CORPORATION,2-5-4-3
VHK0010508,118S0010,YAGEO CORPORATION CORPORATION,2-5-4-3
VHK0010508,118S0025,YAGEO CORPORATION CORPORATION,2-5-4-3
VHK0010508,118S0155,YAGEO CORPORATION CORPORATION,2-5-4-3
VHK0010508,118S0255,YAGEO CORPORATION CORPORATION,2-5-4-3
VHK0010508,118S0011,YAGEO CORPORATION CORPORATION,2-5-4-3
VHK0010508,118S0012,YAGEO CORPORATION CORPORATION,2-5-4-3
VHK0010508,118S0013,YAGEO CORPORATION CORPORATION,2-5-4-3
VHK0010508,118S0014,YAGEO CORPORATION CORPORATION,2-5-4-3
VHK0010508,118S00239,YAGEO CORPORATION CORPORATION,2-5-4-3
VHK0010508,118S0081,YAGEO CORPORATION CORPORATION,2-5-4-3
VHK0010508,118S0103,YAGEO CORPORATION CORPORATION,2-5-4-3
VHK0010508,118S0119,YAGEO CORPORATION CORPORATION,2-5-4-3
VHK0010508,118S0126,YAGEO CORPORATION CORPORATION,2-5-4-3
VHK0010508,118S0174,YAGEO CORPORATION CORPORATION,2-5-4-3
VHK0010508,118S0285,YAGEO CORPORATION CORPORATION,2-5-4-3
VHK0010508,118S0314,YAGEO CORPORATION CORPORATION,2-5-4-3
VHK0010508,118S0321,YAGEO CORPORATION CORPORATION,2-5-4-3
VHK0010508,118S0354,YAGEO CORPORATION CORPORATION,2-5-4-3
VHK0010508,118S0365,YAGEO CORPORATION CORPORATION,2-5-4-3
VHK0010508,118S0394,YAGEO CORPORATION CORPORATION,2-5-4-3
VHK0010508,118S0396,YAGEO CORPORATION CORPORATION,2-5-4-3
VHK0010508,118S0400,YAGEO CORPORATION CORPORATION,2-5-4-3
VHK0010508,118S0405,YAGEO CORPORATION CORPORATION,2-5-4-3
VHK0010508,118S0407,YAGEO CORPORATION CORPORATION,2-5-4-3
VHK0010508,118S0445,YAGEO CORPORATION CORPORATION,2-5-4-3
VHK0010508,118S0465,YAGEO CORPORATION CORPORATION,2-5-4-3
VHK0010508,118S0475,YAGEO CORPORATION CORPORATION,2-5-4-3
VHK0010508,118S0570,YAGEO CORPORATION CORPORATION,2-5-4-3
VHK0010508,118S0512,YAGEO CORPORATION CORPORATION,2-5-4-3
VHK0010508,118S0532,YAGEO CORPORATION CORPORATION,2-5-4-3
VHK0010508,118S0519,YAGEO CORPORATION CORPORATION,2-5-4-3
VHK0010508,118S0608,YAGEO CORPORATION CORPORATION,2-5-4-3
VHK0010508,118S0627,YAGEO CORPORATION CORPORATION,2-5-4-3
VHK0010508,118S0679,YAGEO CORPORATION CORPORATION,2-5-4-3
VHK0010508,118S0706,YAGEO CORPORATION CORPORATION,2-5-4-3
VHK0010508,118S0751,YAGEO CORPORATION CORPORATION,2-5-4-3
VHK0010508,131S00090,YAGEO CORPORATION CORPORATION,2-5-4-3
VHK0010508,131S00370,YAGEO CORPORATION CORPORATION,2-5-4-3
VSG0010083,103S00045,Cyntec Co. Ltd,1-5-4-2
VSG0010083,103S00515,Cyntec Co. Ltd,1-5-4-2
VSG0010083,103S00526,Cyntec Co. Ltd,1-5-4-2
VSG0010083,104S00037,Cyntec Co. Ltd,1-5-4-2
VSG0010083,114S0092,Cyntec Co. Ltd,1-5-4-2
VSG0010083,114S0179,Cyntec Co. Ltd,1-5-4-2
VSG0010083,114S0204,Cyntec Co. Ltd,1-5-4-2
VSG0010083,114S0218,Cyntec Co. Ltd,1-5-4-2
VSG0010083,114S0279,Cyntec Co. Ltd,1-5-4-2
VSG0010083,114S0283,Cyntec Co. Ltd,1-5-4-2
VSG0010083,114S0315,Cyntec Co. Ltd,1-5-4-2
VSG0010083,114S0323,Cyntec Co. Ltd,1-5-4-2
VSG0010083,114S0361,Cyntec Co. Ltd,1-5-4-2
VSG0010083,114S0411,Cyntec Co. Ltd,1-5-4-2
VSG0010083,114S0538,Cyntec Co. Ltd,1-5-4-2
VSG0010083,114S0542,Cyntec Co. Ltd,1-5-4-2
VSG0010083,114S0548,Cyntec Co. Ltd,1-5-4-2
VSG0010083,114S0585,Cyntec Co. Ltd,1-5-4-2
VSG0010083,116S0004,Cyntec Co. Ltd,1-5-4-2
VSG0010083,116S0062,Cyntec Co. Ltd,1-5-4-2
VSG0010083,116S0066,Cyntec Co. Ltd,1-5-4-2
VSG0010083,116S0090,Cyntec Co. Ltd,1-5-4-2
VSG0010083,116S0130,Cyntec Co. Ltd,1-5-4-2
VSG0010083,116S0138,Cyntec Co. Ltd,1-5-4-2
VSG0010083,117S00004,Cyntec Co. Ltd,1-5-4-2
VSG0010083,117S0102,Cyntec Co. Ltd,1-5-4-2
VSG0010083,117S0104,Cyntec Co. Ltd,1-5-4-2
VSG0010083,117S0106,Cyntec Co. Ltd,1-5-4-2
VSG0010083,117S0161,Cyntec Co. Ltd,1-5-4-2
VSG0010083,118S00025,Cyntec Co. Ltd,1-5-4-2
VSG0010083,118S00032,Cyntec Co. Ltd,1-5-4-2
VSG0010083,118S00075,Cyntec Co. Ltd,1-5-4-2
VSG0010083,117S00009,Cyntec Co. Ltd,1-5-4-2
VSG0010083,117S0102,Cyntec Co. Ltd,1-5-4-2
VSG0010083,117S0161,Cyntec Co. Ltd,1-5-4-2
VSG0010083,117S0201,Cyntec Co. Ltd,1-5-4-2
VSG0010083,118S00025,Cyntec Co. Ltd,1-5-4-2
VSG0010083,118S00032,Cyntec Co. Ltd,1-5-4-2
VSG0010083,118S00075,Cyntec Co. Ltd,1-5-4-2
VSG0010083,118S0010,Cyntec Co. Ltd,1-5-4-2
VSG0010083,118S0011,Cyntec Co. Ltd,1-5-4-2
VSG0010083,118S0012,Cyntec Co. Ltd,1-5-4-2
VSG0010083,118S0013,Cyntec Co. Ltd,1-5-4-2
VSG0010083,118S0014,Cyntec Co. Ltd,1-5-4-2
VSG0010083,118S00187,Cyntec Co. Ltd,1-5-4-2
VSG0010083,118S00239,Cyntec Co. Ltd,1-5-4-2
VSG0010083,118S0025,Cyntec Co. Ltd,1-5-4-2
VSG0010083,118S0081,Cyntec Co. Ltd,1-5-4-2
VSG0010083,118S0103,Cyntec Co. Ltd,1-5-4-2
VSG0010083,118S0119,Cyntec Co. Ltd,1-5-4-2
VSG0010083,118S0126,Cyntec Co. Ltd,1-5-4-2
VSG0010083,118S0155,Cyntec Co. Ltd,1-5-4-2
VSG0010083,118S0255,Cyntec Co. Ltd,1-5-4-2
VSG0010083,118S0174,Cyntec Co. Ltd,1-5-4-2
VSG0010083,118S0285,Cyntec Co. Ltd,1-5-4-2
VSG0010083,118S0314,Cyntec Co. Ltd,1-5-4-2
VSG0010083,118S0321,Cyntec Co. Ltd,1-5-4-2
VSG0010083,118S0330,Cyntec Co. Ltd,1-5-4-2
VSG0010083,118S0354,Cyntec Co. Ltd,1-5-4-2
VSG0010083,118S0365,Cyntec Co. Ltd,1-5-4-2
VSG0010083,118S0394,Cyntec Co. Ltd,1-5-4-2
VSG0010083,118S0396,Cyntec Co. Ltd,1-5-4-2
VSG0010083,118S0400,Cyntec Co. Ltd,1-5-4-2
VSG0010083,118S0405,Cyntec Co. Ltd,1-5-4-2
VSG0010083,118S0407,Cyntec Co. Ltd,1-5-4-2
VSG0010083,118S0445,Cyntec Co. Ltd,1-5-4-2
VSG0010083,118S0465,Cyntec Co. Ltd,1-5-4-2
VSG0010083,118S0475,Cyntec Co. Ltd,1-5-4-2
VSG0010083,118S0570,Cyntec Co. Ltd,1-5-4-2
VSG0010083,118S0512,Cyntec Co. Ltd,1-5-4-2
VSG0010083,118S0532,Cyntec Co. Ltd,1-5-4-2
VSG0010083,118S0519,Cyntec Co. Ltd,1-5-4-2
VSG0010083,118S0608,Cyntec Co. Ltd,1-5-4-2
VSG0010083,118S0627,Cyntec Co. Ltd,1-5-4-2
VSG0010083,118S0671,Cyntec Co. Ltd,1-5-4-2
VSG0010083,118S0679,Cyntec Co. Ltd,1-5-4-2
VSG0010083,118S0706,Cyntec Co. Ltd,1-5-4-2
VSG0010083,118S0751,Cyntec Co. Ltd,1-5-4-2
VSG0010083,152S00002,Cyntec Co. Ltd,1-5-4-2
VSG0010083,152S00908,Cyntec Co. Ltd,1-5-4-2
VSG0010083,152S01005,Cyntec Co. Ltd,1-5-4-2
VSG0010083,152S01113,Cyntec Co. Ltd,1-5-4-2
VSG0010083,152S01114,Cyntec Co. Ltd,1-5-4-2
VSG0010083,152S01327,Cyntec Co. Ltd,1-5-4-2
VTW0011428,131S00003,TAIYO YUDEN CO - 000807M,
VTW0011428,131S00015,TAIYO YUDEN CO - 000807M,
VTW0011428,131S00028,TAIYO YUDEN CO - 000807M,
VTW0011428,131S00090,TAIYO YUDEN CO - 000807M,
VTW0011428,131S00145,TAIYO YUDEN CO - 000807M,
VTW0011428,131S00303,TAIYO YUDEN CO - 000807M,
VTW0011428,131S00329,TAIYO YUDEN CO - 000807M,
VTW0011428,131S0805,TAIYO YUDEN CO - 000807M,
VTW0011428,131S0654,TAIYO YUDEN CO - 000807M,
VTW0011428,132S00003,TAIYO YUDEN CO - 000807M,
VTW0011428,132S00040,TAIYO YUDEN CO - 000807M,
VTW0011428,132S00057,TAIYO YUDEN CO - 000807M,
VTW0011428,132S00154,TAIYO YUDEN CO - 000807M,
VTW0011428,132S00229,TAIYO YUDEN CO - 000807M,
VTW0011428,132S00233,TAIYO YUDEN CO - 000807M,
VTW0011428,132S0245,TAIYO YUDEN CO - 000807M,
VTW0011428,132S0288,TAIYO YUDEN CO - 000807M,
VTW0011428,132S0333,TAIYO YUDEN CO - 000807M,
VTW0011428,132S0351,TAIYO YUDEN CO - 000807M,
VTW0011428,132S0320,TAIYO YUDEN CO - 000807M,
VTW0011428,132S0396,TAIYO YUDEN CO - 000807M,
VTW0011428,132S0397,TAIYO YUDEN CO - 000807M,1-5-4-2
VTW0011428,132S0534,TAIYO YUDEN CO - 000807M,
VTW0011428,138S00014,TAIYO YUDEN CO - 000807M,
VTW0011428,138S00042,TAIYO YUDEN CO - 000807M,
VTW0011428,138S00116,TAIYO YUDEN CO - 000807M,
VTW0011428,138S00163,TAIYO YUDEN CO - 000807M,
VTW0011428,138S00264,TAIYO YUDEN CO - 000807M,
VTW0011428,138S0640,TAIYO YUDEN CO - 000807M,
VTW0011428,138S0648,TAIYO YUDEN CO - 000807M,
VTW0011428,138S0692,TAIYO YUDEN CO - 000807M,
VCN0022354,911-000R-037,Alpha 確信愛法,
VCN0022354,911-0006-024,Alpha 確信愛法,
VCN0022354,911-HF36-020,Alpha 確信愛法,
VSG0010355,911-000R-037,Alpha 確信愛法,
VSG0010355,911-0006-024,Alpha 確信愛法,
VSG0010355,911-HF36-020,Alpha 確信愛法,
VCN0032735,071-0000-6729,Loctite 漢高樂泰,
VCN0032735,071-0000-6904,Loctite 漢高樂泰,
VCN0032735,071-0001-6903,Loctite 漢高樂泰,
VCN0018710,081-0001-9260,MYS 美盈森,
VCN0018710,081-0001-9261,MYS 美盈森,
VCN0018710,081-0002-9261,MYS 美盈森,
VCN0018710,081-0001-9257,MYS 美盈森,
VCN0018710,080-012B-320,MYS 美盈森,
VCN0019307,084-00V1-8065,三輝,
VCN0017726,7Q002-04-05,品創源實業,
VCN0024272,1513003-0010021,準駿,
VCN0013301,083-0004-851,深寶興 ,
,1513005-0070055,新龍泉商貿,
VCN0017100,081-0003-280-V,蘇州普惠,
VCN0017100,086-0001-4767-V,蘇州普惠,
VCN0017100,084-0002-8065,蘇州普惠,
VCN0017100,080-0009-038-V,蘇州普惠,
VCN0017100,084-00V3-8057,蘇州普惠,
VCN0017100,084-00V2-8057,蘇州普惠,
VCN0017100,084-00V1-8057,蘇州普惠,
VCN0017100,081-0001-9256,蘇州普惠,
VCN0017100,081-0002-9256,蘇州普惠,
VCN0017100,081-0001-9259,蘇州普惠,
VCN0017100,081-0001-9258,蘇州普惠,
VCN0017100,081-0002-9258,蘇州普惠,
VCN0017100,081-0003-9258,蘇州普惠,
VCN0017100,081-0002-9511,蘇州普惠,
VCN0017100,081-0004-9511,蘇州普惠,
VCN0017100,081-0007-9511,蘇州普惠,
VCN0017100,081-0008-9511,蘇州普惠,
VCN0017100,081-0009-9511,蘇州普惠,
VCN0017100,081-0010-9511,蘇州普惠,
VCN0017100,081-0011-9511,蘇州普惠,
VCN0017100,081-0001-9550,蘇州普惠,
VCN0017100,081-0002-9550,蘇州普惠,
VCN0017100,081-0003-9550,蘇州普惠,
VCN0017100,081-0004-9550,蘇州普惠,
VCN0017100,081-0005-9550,蘇州普惠,
VCN0017100,081-0006-9550,蘇州普惠,
VCN0022718,086-0006-00001,Global Commerce 金永利,
VCN0022718,090-0016-532,Global Commerce 金永利,
VCN0022718,090-0003-532,Global Commerce 金永利,
VCN0022718,084-0008-8864,Global Commerce 金永利,
VCN0022718,084-1009-8864,Global Commerce 金永利,
VCN0022718,084-1010-8864,Global Commerce 金永利,
VCN0022718,084-1012-8864,Global Commerce 金永利,
VCN0022718,083-0006-7416,Global Commerce 金永利,
VCN0022718,083-0007-7416,Global Commerce 金永利,
VCN0022718,083-0009-7416,Global Commerce 金永利,
VCN0022718,082-0001-077,Global Commerce 金永利,
VCN0022718,082-0002-077,Global Commerce 金永利,
VCN0022718,082-0006-077,Global Commerce 金永利,
VCN0022718,081-0008-2585,Global Commerce 金永利,
VVN0010029,081-0001-9260,MYS Vietnam 美盈森,
VVN0010029,081-0001-9261,MYS Vietnam 美盈森,
VVN0010029,081-0002-9261,MYS Vietnam 美盈森,
VVN0010029,081-0001-9257,MYS Vietnam 美盈森,
VVN0010029,080-012B-320,MYS Vietnam 美盈森,
VVN0010029,084-00V1-8065,MYS Vietnam 美盈森,
VVN0010066,084-0001-1617,Viet Hung,
VVN0010067,086-0006-00001,Global Commerce 金永利,
VVN0010067,090-0016-532,Global Commerce 金永利,
VVN0010067,090-0003-532,Global Commerce 金永利,
VVN0010067,084-0008-8864,Global Commerce 金永利,
VVN0010067,084-1009-8864,Global Commerce 金永利,
VVN0010067,084-1010-8864,Global Commerce 金永利,
VVN0010067,084-1012-8864,Global Commerce 金永利,
VVN0010067,083-0006-7416,Global Commerce 金永利,
VVN0010067,083-0007-7416,Global Commerce 金永利,
VVN0010067,083-0009-7416,Global Commerce 金永利,
VVN0010067,082-0001-077,Global Commerce 金永利,
VVN0010067,082-0002-077,Global Commerce 金永利,
VVN0010067,082-0006-077,Global Commerce 金永利,
VVN0010067,081-0008-2585,Global Commerce 金永利,
VVN0010168,085-0001-2478-V,Profuse,
VVN0010168,084-0001-1617,Profuse,
VVN0010168,1501001-0010034,Profuse,
VVN0010168,084-0001-1618,Profuse,
VVN0010168,081-0003-280-V,Profuse,
VVN0010168,086-0001-4767-V,Profuse,
VVN0010168,084-0002-8065,Profuse,
VVN0010168,080-0009-038-V,Profuse,
VVN0010168,084-00V3-8057,Profuse,
VVN0010168,084-00V2-8057,Profuse,
VVN0010168,084-00V1-8057,Profuse,
VVN0010168,081-0001-9256,Profuse,
VVN0010168,081-0002-9256,Profuse,
VVN0010168,081-0001-9259,Profuse,
VVN0010168,081-0001-9258,Profuse,
VVN0010168,081-0002-9258,Profuse,
VVN0010168,081-0003-9258,Profuse,
VVN0010168,081-0002-9511,Profuse,
VVN0010168,081-0004-9511,Profuse,
VVN0010168,081-0007-9511,Profuse,
VVN0010168,081-0008-9511,Profuse,
VVN0010168,081-0009-9511,Profuse,
VVN0010168,081-0010-9511,Profuse,
VVN0010168,081-0011-9511,Profuse,
VVN0010168,081-0001-9550,Profuse,
VVN0010168,081-0002-9550,Profuse,
VVN0010168,081-0003-9550,Profuse,
VVN0010168,081-0004-9550,Profuse,
VVN0010168,081-0005-9550,Profuse,
VVN0010168,081-0006-9550,Profuse,
